Feature,Importance
Marketing_Spend,0.57633432616765
Rolling_3M_Avg,0.3337114147854314
Previous_Month_Sales,0.026482511724446118
Price,0.023937965261895424
Discount,0.023072933650624797
Fuel_Price,0.0164608484099522
